iter	RMSE
0	42236.14665
200	7588.51473
400	6681.068785
600	6211.7213
800	5883.682415
1000	5642.966253
1200	5458.592357
1400	5307.529308
1600	5189.840976
1800	5076.378635
1999	4982.038369
